,Unnamed: 0,type
0,0,Rum
1,1,Rum
2,2,Brandy
3,3,Liqueur
4,4,Whisky
5,5,Rum
6,6,Rum
7,7,Whisky
8,8,Gin
9,9,Liqueur
10,10,Gin
11,11,Whisky
12,12,Liqueur
13,13,Whisky
14,14,Rum
15,15,Rum
16,16,Rum
17,17,Gin
18,18,Whisky
19,19,Tequila
20,20,Gin
21,21,Gin
22,22,Brandy
23,23,Gin
24,24,Gin
25,25,Spirits
26,26,Tequila
27,27,Gin
28,28,Wine
29,29,Gin
30,30,Gin
31,31,Gin
32,32,Gin
33,33,Whisky
34,34,Whisky
35,35,Whisky
36,36,Mezcal
37,37,Gin
38,38,Whisky
39,39,Whisky
40,40,Liqueur
41,41,Brandy
42,42,Tequila
43,43,Gin
44,44,Spirits
45,45,Gin
46,46,Whisky
47,47,Brandy
48,48,Whisky
49,49,Whisky
50,50,Tequila
51,51,Gin
52,52,Liqueur
53,53,Mezcal
54,54,Vodka
55,55,Tequila
56,56,Tequila
57,57,Brandy
58,58,Rum
59,59,Gin
60,60,Whisky
61,61,Rum
62,62,Brandy
63,63,Rum
64,64,Whisky
65,65,Rum
66,66,Rum
67,67,Mezcal
68,68,Whisky
69,69,Brandy
70,70,Whisky
71,71,Tequila
72,72,Gin
73,73,Whisky
74,74,Rum
75,75,Spirits
76,76,Gin
77,77,Tequila
78,78,Liqueur
79,79,Tequila
80,80,Brandy
81,81,Rum
82,82,Whisky
83,83,Tequila
84,84,Rum
85,85,Tequila
86,86,Rum
87,87,Whisky
88,88,Whisky
89,89,Whisky
90,90,Rum
91,91,Gin
92,92,Whisky
93,93,Gin
94,94,Whisky
95,95,Gin
96,96,Liqueur
97,97,Brandy
98,98,Gin
99,99,Gin
100,100,Gin
101,101,Tequila
102,102,Liqueur
103,103,Tequila
104,104,Wine
105,105,Whisky
106,106,Rum
107,107,Gin
108,108,Tequila
109,109,Whisky
110,110,Wine
111,111,Gin
112,112,Liqueur
113,113,Rum
114,114,Whisky
115,115,Mezcal
116,116,Tequila
117,117,Gin
118,118,Gin
119,119,Gin
120,120,Gin
121,121,Tequila
122,122,Whisky
123,123,Tequila
124,124,Brandy
125,125,Mezcal
126,126,Rum
127,127,Gin
128,128,Whisky
129,129,Rum
130,130,Rum
131,131,Gin
132,132,Gin
133,133,Whisky
134,134,Brandy
135,135,Whisky
136,136,Rum
137,137,Rum
138,138,Whisky
139,139,Whisky
140,140,Whisky
141,141,Whisky
142,142,Brandy
143,143,Gin
144,144,Gin
145,145,Liqueur
146,146,Mezcal
147,147,Whisky
148,148,Rum
149,149,Rum
150,150,Gin
151,151,Whisky
152,152,Whisky
153,153,Rum
154,154,Spirits
155,155,Whisky
156,156,Rum
157,157,Rum
158,158,Whisky
159,159,Liqueur
160,160,
161,161,Whisky
162,162,Rum
163,163,Liqueur
164,164,Whisky
165,165,Whisky
166,166,Liqueur
167,167,
168,168,Rum
169,169,Whisky
170,170,Mezcal
171,171,Rum
172,172,Liqueur
173,173,Whisky
174,174,Brandy
175,175,Tequila
176,176,Gin
177,177,Whisky
178,178,Whisky
179,179,Liqueur
180,180,Whisky
181,181,Rum
182,182,Gin
183,183,Rum
184,184,Liqueur
185,185,Rum
186,186,Whisky
187,187,Whisky
188,188,Liqueur
189,189,Whisky
190,190,Brandy
191,191,Rum
192,192,Whisky
193,193,Whisky
194,194,Rum
195,195,Rum
196,196,Liqueur
197,197,Brandy
198,198,Whisky
199,199,Rum
200,200,Whisky
201,201,Whisky
202,202,Rum
203,203,Rum
204,204,Gin
205,205,Gin
206,206,Rum
207,207,Brandy
208,208,Rum
209,209,Rum
210,210,Brandy
211,211,Rum
212,212,Whisky
213,213,Whisky
214,214,Rum
215,215,Rum
216,216,Wine
217,217,Gin
218,218,Rum
219,219,Rum
220,220,Whisky
221,221,Whisky
222,222,Whisky
223,223,Gin
224,224,Whisky
225,225,Rum
226,226,Whisky
227,227,Rum
228,228,Gin
229,229,Rum
230,230,Liqueur
231,231,Rum
232,232,Whisky
233,233,Tequila
234,234,Brandy
235,235,Whisky
236,236,Whisky
237,237,Tequila
238,238,Spirits
239,239,Whisky
240,240,Whisky
241,241,Tequila
242,242,Wine
243,243,Whisky
244,244,Gin
245,245,Spirits
246,246,Tequila
247,247,Gin
248,248,Gin
249,249,Whisky
250,250,Rum
251,251,Rum
252,252,Spirits
253,253,Gin
254,254,Rum
255,255,Gin
256,256,Gin
257,257,Whisky
258,258,Mezcal
259,259,Gin
260,260,Brandy
261,261,Liqueur
262,262,Tequila
263,263,Mezcal
264,264,Brandy
265,265,Wine
266,266,Whisky
267,267,Whisky
268,268,Whisky
269,269,Mezcal
270,270,Whisky
271,271,Whisky
272,272,Whisky
273,273,Mezcal
274,274,Brandy
275,275,Gin
276,276,Brandy
277,277,Whisky
278,278,Whisky
279,279,Whisky
280,280,Rum
281,281,Brandy
282,282,Whisky
283,283,Tequila
284,284,Vodka
285,285,Gin
286,286,Gin
287,287,Rum
288,288,Wine
289,289,Whisky
290,290,Gin
291,291,Gin
292,292,Rum
293,293,Brandy
294,294,Rum
295,295,Gin
296,296,Whisky
297,297,Rum
298,298,Whisky
299,299,Brandy
300,300,Rum
301,301,Rum
302,302,Tequila
303,303,Liqueur
304,304,Whisky
305,305,Gin
306,306,Whisky
307,307,Whisky
308,308,Vodka
309,309,Liqueur
310,310,Gin
311,311,Rum
312,312,Gin
313,313,Vodka
314,314,Gin
315,315,Tequila
316,316,Whisky
317,317,Brandy
318,318,Rum
319,319,Rum
320,320,Vodka
321,321,Liqueur
322,322,Rum
323,323,Gin
324,324,Liqueur
325,325,Whisky
326,326,Liqueur
327,327,Whisky
328,328,Whisky
329,329,Rum
330,330,Rum
331,331,Liqueur
332,332,Rum
333,333,Liqueur
334,334,Tequila
335,335,Gin
336,336,Whisky
337,337,Spirits
338,338,Beer
339,339,Gin
340,340,Mezcal
341,341,Whisky
342,342,Spirits
343,343,Brandy
344,344,Gin
345,345,Wine
346,346,Rum
347,347,Gin
348,348,Spirits
349,349,Rum
350,350,Brandy
351,351,Whisky
352,352,Rum
353,353,Rum
354,354,Rum
355,355,Whisky
356,356,Whisky
357,357,Gin
358,358,Brandy
359,359,Brandy
360,360,Mezcal
361,361,Rum
362,362,Whisky
363,363,Rum
364,364,Spirits
365,365,Wine
366,366,Liqueur
367,367,Gin
368,368,Rum
369,369,Whisky
370,370,Tequila
371,371,Rum
372,372,Whisky
373,373,Rum
374,374,Whisky
375,375,Brandy
376,376,Gin
377,377,Liqueur
378,378,Rum
379,379,Wine
380,380,Brandy
381,381,Rum
382,382,Whisky
383,383,Rum
384,384,Mezcal
385,385,Whisky
386,386,Wine
387,387,Whisky
388,388,Whisky
389,389,Whisky
390,390,Gin
391,391,Whisky
392,392,Gin
393,393,Spirits
394,394,Gin
395,395,Tequila
396,396,Whisky
397,397,Liqueur
398,398,Whisky
399,399,Spirits
400,400,Gin
401,401,Whisky
402,402,Whisky
403,403,Liqueur
404,404,Wine
405,405,Spirits
406,406,Brandy
407,407,Gin
408,408,Rum
409,409,Liqueur
410,410,Whisky
411,411,Wine
412,412,Wine
413,413,Whisky
414,414,Spirits
415,415,Gin
416,416,Brandy
417,417,Spirits
418,418,Gin
419,419,Whisky
420,420,Wine
421,421,Gin
422,422,Whisky
423,423,Gin
424,424,Wine
425,425,Whisky
426,426,Liqueur
427,427,Gin
428,428,Whisky
429,429,Tequila
430,430,Gin
431,431,Liqueur
432,432,Tequila
433,433,Wine
434,434,Rum
435,435,Liqueur
436,436,Whisky
437,437,Mezcal
438,438,Rum
439,439,Wine
440,440,Whisky
441,441,Brandy
442,442,Liqueur
443,443,Whisky
444,444,Tequila
445,445,Gin
446,446,Gin
447,447,Rum
448,448,Brandy
449,449,Whisky
450,450,Gin
451,451,Gin
452,452,Rum
453,453,Wine
454,454,Whisky
455,455,Whisky
456,456,Whisky
457,457,Gin
458,458,Liqueur
459,459,Whisky
460,460,Beer
461,461,Rum
462,462,Whisky
463,463,Whisky
464,464,Brandy
465,465,Whisky
466,466,Mezcal
467,467,Gin
468,468,Mezcal
469,469,Rum
470,470,Whisky
471,471,Liqueur
472,472,Liqueur
473,473,Wine
474,474,Whisky
475,475,Whisky
476,476,Liqueur
477,477,Beer
478,478,Liqueur
479,479,Rum
480,480,Tequila
481,481,Vodka
482,482,Rum
483,483,Whisky
484,484,Gin
485,485,Spirits
486,486,Tequila
487,487,Rum
488,488,Mezcal
489,489,Whisky
490,490,Wine
491,491,Gin
492,492,Gin
493,493,Gin
494,494,Whisky
495,495,Brandy
496,496,Whisky
497,497,Liqueur
498,498,Gin
499,499,Brandy
500,500,Tequila
501,501,Whisky
502,502,Brandy
503,503,Liqueur
504,504,Tequila
505,505,Spirits
506,506,Rum
507,507,Gin
508,508,Whisky
509,509,Spirits
510,510,Tequila
511,511,Rum
512,512,Brandy
513,513,Liqueur
514,514,Whisky
515,515,Tequila
516,516,Whisky
517,517,Wine
518,518,Liqueur
519,519,Tequila
520,520,Brandy
521,521,Wine
522,522,Whisky
523,523,Rum
524,524,Gin
525,525,Whisky
526,526,Vodka
527,527,Whisky
528,528,Brandy
529,529,Wine
530,530,Gin
531,531,Rum
532,532,Liqueur
533,533,Whisky
534,534,Mezcal
535,535,Brandy
536,536,Gin
537,537,Gin
538,538,Vodka
539,539,Brandy
540,540,Whisky
541,541,Gin
542,542,Whisky
543,543,Whisky
544,544,Gin
545,545,Liqueur
546,546,Liqueur
547,547,Gin
548,548,Wine
549,549,Rum
550,550,Gin
551,551,Whisky
552,552,Mezcal
553,553,Whisky
554,554,Liqueur
555,555,Whisky
556,556,Rum
557,557,Wine
558,558,Spirits
559,559,Whisky
560,560,Whisky
561,561,Whisky
562,562,Whisky
563,563,Rum
564,564,Rum
565,565,Wine
566,566,Liqueur
567,567,Gin
568,568,Vodka
569,569,Gin
570,570,Vodka
571,571,Whisky
572,572,Spirits
573,573,Rum
574,574,Gin
575,575,Wine
576,576,Gin
577,577,Whisky
578,578,Liqueur
579,579,Whisky
580,580,Gin
581,581,Whisky
582,582,Liqueur
583,583,Gin
584,584,Whisky
585,585,Wine
586,586,Gin
587,587,Brandy
588,588,Brandy
589,589,Whisky
590,590,Gin
591,591,Whisky
592,592,Whisky
593,593,Whisky
594,594,Whisky
595,595,Gin
596,596,Mezcal
597,597,Rum
598,598,Gin
599,599,Mezcal
600,600,Whisky
601,601,Whisky
602,602,Brandy
603,603,Gin
604,604,Spirits
605,605,Whisky
606,606,Whisky
607,607,Liqueur
608,608,Whisky
609,609,Whisky
610,610,Whisky
611,611,Tequila
612,612,Liqueur
613,613,Spirits
614,614,Liqueur
615,615,Rum
616,616,Rum
617,617,Whisky
618,618,Spirits
619,619,Rum
620,620,Brandy
621,621,Whisky
622,622,Whisky
623,623,Whisky
624,624,Brandy
625,625,Rum
626,626,Tequila
627,627,Rum
628,628,Rum
629,629,Mezcal
630,630,Tequila
631,631,Whisky
632,632,Wine
633,633,Gin
634,634,Whisky
635,635,Whisky
636,636,Whisky
637,637,Brandy
638,638,Whisky
639,639,Gin
640,640,Liqueur
641,641,Gin
642,642,Gin
643,643,Rum
644,644,Rum
645,645,Tequila
646,646,Gin
647,647,Tequila
648,648,Rum
649,649,Rum
650,650,Whisky
651,651,Tequila
652,652,Gin
653,653,Spirits
654,654,Gin
655,655,Rum
656,656,Rum
657,657,Liqueur
658,658,Whisky
659,659,Whisky
660,660,Whisky
661,661,Gin
662,662,Rum
663,663,Rum
664,664,Whisky
665,665,Gin
666,666,Brandy
667,667,Brandy
668,668,Gin
669,669,Rum
670,670,Whisky
671,671,Spirits
672,672,Brandy
673,673,Spirits
674,674,Liqueur
675,675,Rum
676,676,Whisky
677,677,Gin
678,678,Brandy
679,679,Rum
680,680,Rum
681,681,Gin
682,682,Brandy
683,683,Whisky
684,684,Tequila
685,685,Brandy
686,686,Gin
687,687,Gin
688,688,Brandy
689,689,Rum
690,690,Whisky
691,691,Rum
692,692,Liqueur
693,693,Brandy
694,694,Rum
695,695,Whisky
696,696,Brandy
697,697,Rum
698,698,Whisky
699,699,Rum
700,700,Tequila
701,701,Gin
702,702,Rum
703,703,Tequila
704,704,Whisky
705,705,Mezcal
706,706,Wine
707,707,Rum
708,708,Whisky
709,709,Whisky
710,710,Whisky
711,711,Wine
712,712,Liqueur
713,713,Whisky
714,714,Gin
715,715,Whisky
716,716,Gin
717,717,Brandy
718,718,Rum
719,719,Liqueur
720,720,Gin
721,721,Gin
722,722,Whisky
723,723,Brandy
724,724,Whisky
725,725,Tequila
726,726,Tequila
727,727,Spirits
728,728,Wine
729,729,Whisky
730,730,Gin
731,731,Gin
732,732,Liqueur
733,733,Gin
734,734,Rum
735,735,Brandy
736,736,Brandy
737,737,Whisky
738,738,Gin
739,739,Spirits
740,740,Liqueur
741,741,Rum
742,742,Whisky
743,743,Tequila
744,744,Liqueur
745,745,Rum
746,746,Rum
747,747,Gin
748,748,Whisky
749,749,Vodka
750,750,Rum
751,751,Rum
752,752,Whisky
753,753,Gin
754,754,Rum
755,755,Whisky
756,756,Tequila
757,757,Gin
758,758,Liqueur
759,759,Spirits
760,760,Whisky
761,761,Wine
762,762,Whisky
763,763,Whisky
764,764,Gin
765,765,Gin
766,766,Whisky
767,767,Tequila
768,768,Gin
769,769,Liqueur
770,770,Brandy
771,771,Whisky
772,772,Gin
773,773,Wine
774,774,Mezcal
775,775,Brandy
776,776,Whisky
777,777,Liqueur
778,778,Whisky
779,779,Brandy
780,780,Brandy
781,781,Rum
782,782,Rum
783,783,Whisky
784,784,Gin
785,785,Liqueur
786,786,Spirits
787,787,Spirits
788,788,Whisky
789,789,Wine
790,790,Rum
791,791,Whisky
792,792,Gin
793,793,Rum
794,794,Whisky
795,795,Whisky
796,796,Whisky
797,797,Spirits
798,798,Brandy
799,799,Liqueur
800,800,Rum
801,801,Wine
802,802,Whisky
803,803,Wine
804,804,Brandy
805,805,Rum
806,806,Vodka
807,807,Spirits
808,808,Brandy
809,809,Wine
810,810,Brandy
811,811,Gin
812,812,Wine
813,813,Whisky
814,814,Gin
815,815,Rum
816,816,Gin
817,817,Whisky
818,818,Wine
819,819,Gin
820,820,Whisky
821,821,Liqueur
822,822,Liqueur
823,823,Brandy
824,824,Brandy
825,825,Whisky
826,826,Liqueur
827,827,Liqueur
828,828,Tequila
829,829,Rum
830,830,Rum
831,831,Whisky
832,832,Gin
833,833,Brandy
834,834,Rum
835,835,Wine
836,836,Gin
837,837,Whisky
838,838,Whisky
839,839,Liqueur
840,840,Mezcal
841,841,Wine
842,842,Gin
843,843,Spirits
844,844,Mezcal
845,845,Brandy
846,846,Tequila
847,847,Rum
848,848,Whisky
849,849,Tequila
850,850,Gin
851,851,Gin
852,852,Gin
853,853,Gin
854,854,Rum
855,855,Whisky
856,856,Whisky
857,857,Gin
858,858,Liqueur
859,859,Whisky
860,860,Brandy
861,861,Liqueur
862,862,Rum
863,863,Rum
864,864,Rum
865,865,Brandy
866,866,Whisky
867,867,Wine
868,868,Gin
869,869,Whisky
870,870,Mezcal
871,871,Whisky
872,872,Rum
873,873,Spirits
874,874,Vodka
875,875,Whisky
876,876,Tequila
877,877,Brandy
878,878,Whisky
879,879,Tequila
880,880,Liqueur
881,881,Vodka
882,882,Beer
883,883,Liqueur
884,884,Wine
885,885,Wine
886,886,Whisky
887,887,Gin
888,888,Rum
889,889,Rum
890,890,Liqueur
891,891,Gin
892,892,Whisky
893,893,Rum
894,894,Gin
895,895,Whisky
896,896,Whisky
897,897,Whisky
898,898,Brandy
899,899,Beer
900,900,Whisky
901,901,Gin
902,902,Rum
903,903,Whisky
904,904,Whisky
905,905,Whisky
906,906,Spirits
907,907,Whisky
908,908,Gin
909,909,Rum
910,910,Gin
911,911,Mezcal
912,912,Rum
913,913,Tequila
914,914,Gin
915,915,Gin
916,916,Liqueur
917,917,Wine
918,918,Rum
919,919,Rum
920,920,Whisky
921,921,Gin
922,922,Whisky
923,923,Vodka
924,924,Liqueur
925,925,Liqueur
926,926,Liqueur
927,927,Gin
928,928,Rum
929,929,Gin
930,930,Rum
931,931,Liqueur
932,932,Gin
933,933,Whisky
934,934,Gin
935,935,Gin
936,936,Beer
937,937,Whisky
938,938,Vodka
939,939,Mezcal
940,940,Wine
941,941,Brandy
942,942,Whisky
943,943,Wine
944,944,Gin
945,945,Whisky
946,946,Tequila
947,947,Rum
948,948,Whisky
949,949,Gin
950,950,Tequila
951,951,Liqueur
952,952,Tequila
953,953,Wine
954,954,Brandy
955,955,Tequila
956,956,Gin
957,957,Whisky
958,958,Tequila
959,959,Rum
960,960,Spirits
961,961,Whisky
962,962,Whisky
963,963,Whisky
964,964,Gin
965,965,Whisky
966,966,Gin
967,967,Whisky
968,968,Gin
969,969,Gin
970,970,Tequila
971,971,Liqueur
972,972,Gin
973,973,Liqueur
974,974,Wine
975,975,Liqueur
976,976,Rum
977,977,Rum
978,978,Gin
979,979,Gin
980,980,Rum
981,981,Tequila
982,982,Vodka
983,983,Rum
984,984,Liqueur
985,985,Liqueur
986,986,Rum
987,987,Gin
988,988,Brandy
989,989,Brandy
990,990,Liqueur
991,991,Liqueur
992,992,Whisky
993,993,Brandy
994,994,Whisky
995,995,Brandy
996,996,Mezcal
997,997,Gin
998,998,Whisky
999,999,Whisky
1000,1000,Whisky
1001,1001,Liqueur
1002,1002,Whisky
1003,1003,Wine
1004,1004,Liqueur
1005,1005,Rum
1006,1006,Gin
1007,1007,Whisky
1008,1008,Liqueur
1009,1009,Whisky
1010,1010,Wine
1011,1011,Liqueur
1012,1012,Wine
1013,1013,Spirits
1014,1014,Whisky
1015,1015,Brandy
1016,1016,Liqueur
1017,1017,Wine
1018,1018,Whisky
1019,1019,Whisky
1020,1020,Brandy
1021,1021,Wine
1022,1022,Liqueur
1023,1023,Gin
1024,1024,Whisky
1025,1025,Liqueur
1026,1026,Mezcal
1027,1027,Mezcal
1028,1028,Rum
1029,1029,Vodka
1030,1030,Mezcal
1031,1031,Liqueur
1032,1032,Rum
1033,1033,Rum
1034,1034,Whisky
1035,1035,Whisky
1036,1036,Gin
1037,1037,Spirits
1038,1038,Mezcal
1039,1039,Vodka
1040,1040,Whisky
1041,1041,Brandy
1042,1042,Whisky
1043,1043,Whisky
1044,1044,Gin
1045,1045,Gin
1046,1046,Whisky
1047,1047,Vodka
1048,1048,Gin
1049,1049,Spirits
1050,1050,Whisky
1051,1051,Whisky
1052,1052,Mezcal
1053,1053,Brandy
1054,1054,Spirits
1055,1055,Whisky
1056,1056,Rum
1057,1057,Liqueur
1058,1058,Whisky
1059,1059,Gin
1060,1060,Wine
1061,1061,Rum
1062,1062,Gin
1063,1063,Whisky
1064,1064,Whisky
1065,1065,Whisky
1066,1066,Spirits
1067,1067,Tequila
1068,1068,Whisky
1069,1069,Wine
1070,1070,Liqueur
1071,1071,Liqueur
1072,1072,Liqueur
1073,1073,Spirits
1074,1074,Gin
1075,1075,Whisky
1076,1076,Rum
1077,1077,Rum
1078,1078,Whisky
1079,1079,Rum
1080,1080,Rum
1081,1081,Rum
1082,1082,Whisky
1083,1083,Wine
1084,1084,Whisky
1085,1085,Mezcal
1086,1086,Whisky
1087,1087,Gin
1088,1088,Rum
1089,1089,Whisky
1090,1090,Gin
1091,1091,Brandy
1092,1092,Rum
1093,1093,Tequila
1094,1094,Liqueur
1095,1095,Gin
1096,1096,Gin
1097,1097,Gin
1098,1098,Liqueur
1099,1099,Whisky
1100,1100,Whisky
1101,1101,Gin
1102,1102,Mezcal
1103,1103,Gin
1104,1104,Whisky
1105,1105,Whisky
1106,1106,Gin
1107,1107,Brandy
1108,1108,Liqueur
1109,1109,Liqueur
1110,1110,Whisky
1111,1111,Brandy
1112,1112,Brandy
1113,1113,Tequila
1114,1114,Mezcal
1115,1115,Mezcal
1116,1116,Mezcal
1117,1117,Liqueur
1118,1118,Whisky
1119,1119,Whisky
1120,1120,Whisky
1121,1121,Wine
1122,1122,Mezcal
1123,1123,Gin
1124,1124,Whisky
1125,1125,Rum
1126,1126,Gin
1127,1127,Rum
1128,1128,Rum
1129,1129,Vodka
1130,1130,Vodka
1131,1131,Liqueur
1132,1132,Vodka
1133,1133,Vodka
1134,1134,Whisky
1135,1135,Rum
1136,1136,Mezcal
1137,1137,Rum
1138,1138,Vodka
1139,1139,Rum
1140,1140,Rum
1141,1141,Rum
1142,1142,Rum
1143,1143,Rum
1144,1144,Rum
1145,1145,Mezcal
1146,1146,Vodka
1147,1147,Rum
1148,1148,Rum
1149,1149,Vodka
1150,1150,Gin
1151,1151,Gin
1152,1152,Gin
1153,1153,Rum
1154,1154,Rum
1155,1155,Rum
1156,1156,Liqueur
1157,1157,Rum
1158,1158,Tequila
1159,1159,Tequila
1160,1160,Mezcal
1161,1161,Rum
1162,1162,Tequila
1163,1163,Tequila
1164,1164,Tequila
1165,1165,Rum
1166,1166,Rum
1167,1167,Rum
1168,1168,Rum
1169,1169,Rum
1170,1170,Whisky
1171,1171,Gin
1172,1172,Rum
1173,1173,Rum
1174,1174,Gin
1175,1175,Rum
1176,1176,Tequila
1177,1177,Gin
1178,1178,Rum
1179,1179,Rum
1180,1180,Rum
1181,1181,Whisky
1182,1182,Beer
1183,1183,Mezcal
1184,1184,Liqueur
1185,1185,Wine
1186,1186,Brandy
1187,1187,Rum
1188,1188,Whisky
1189,1189,Whisky
1190,1190,Whisky
1191,1191,Whisky
1192,1192,Gin
1193,1193,Mezcal
1194,1194,Whisky
1195,1195,Whisky
1196,1196,Mezcal
1197,1197,Gin
1198,1198,Liqueur
1199,1199,Rum
1200,1200,Whisky
1201,1201,Whisky
1202,1202,Whisky
1203,1203,Mezcal
1204,1204,Mezcal
1205,1205,Tequila
1206,1206,Liqueur
1207,1207,Tequila
1208,1208,Whisky
1209,1209,Rum
1210,1210,Whisky
1211,1211,Vodka
1212,1212,Whisky
1213,1213,Wine
1214,1214,Rum
1215,1215,Tequila
1216,1216,Rum
1217,1217,Wine
1218,1218,Liqueur
1219,1219,Wine
1220,1220,Gin
1221,1221,Rum
1222,1222,Gin
1223,1223,Gin
1224,1224,Gin
1225,1225,Brandy
1226,1226,Gin
1227,1227,Whisky
1228,1228,Whisky
1229,1229,Whisky
1230,1230,Vodka
1231,1231,Vodka
1232,1232,Gin
1233,1233,Gin
1234,1234,Wine
1235,1235,Gin
1236,1236,Gin
1237,1237,Gin
1238,1238,Gin
1239,1239,Gin
1240,1240,Gin
1241,1241,Gin
1242,1242,Gin
1243,1243,Gin
1244,1244,Vodka
1245,1245,Gin
1246,1246,Vodka
1247,1247,Rum
1248,1248,Whisky
1249,1249,Whisky
1250,1250,Vodka
1251,1251,Whisky
1252,1252,Tequila
1253,1253,Gin
1254,1254,Whisky
1255,1255,Vodka
1256,1256,Whisky
1257,1257,Whisky
1258,1258,Rum
1259,1259,Gin
1260,1260,Whisky
1261,1261,Liqueur
1262,1262,Whisky
1263,1263,Gin
1264,1264,Whisky
1265,1265,Vodka
1266,1266,Vodka
1267,1267,Brandy
1268,1268,Gin
1269,1269,Gin
1270,1270,Tequila
1271,1271,Gin
1272,1272,Gin
1273,1273,Gin
1274,1274,Gin
1275,1275,Vodka
1276,1276,Whisky
1277,1277,Gin
1278,1278,Vodka
1279,1279,Vodka
1280,1280,Brandy
1281,1281,Rum
1282,1282,Whisky
1283,1283,Whisky
1284,1284,Whisky
1285,1285,Liqueur
1286,1286,Vodka
1287,1287,Vodka
1288,1288,Liqueur
1289,1289,Rum
1290,1290,Gin
1291,1291,Gin
1292,1292,Rum
1293,1293,Rum
1294,1294,Rum
1295,1295,Tequila
1296,1296,Tequila
1297,1297,Tequila
1298,1298,Tequila
1299,1299,Vodka
1300,1300,Vodka
1301,1301,Vodka
1302,1302,Vodka
1303,1303,Whisky
1304,1304,Whisky
1305,1305,Whisky
1306,1306,Whisky
1307,1307,Whisky
1308,1308,Whisky
1309,1309,Whisky
1310,1310,Rum
1311,1311,Mezcal
1312,1312,Whisky
1313,1313,Mezcal
1314,1314,Spirits
1315,1315,Liqueur
1316,1316,Gin
1317,1317,Whisky
1318,1318,Whisky
1319,1319,Whisky
1320,1320,Tequila
1321,1321,Mezcal
1322,1322,Tequila
1323,1323,Liqueur
1324,1324,Whisky
1325,1325,Whisky
1326,1326,Rum
1327,1327,Whisky
1328,1328,Liqueur
1329,1329,Whisky
1330,1330,Rum
1331,1331,Gin
1332,1332,Liqueur
1333,1333,Gin
1334,1334,Rum
1335,1335,Rum
1336,1336,Mezcal
1337,1337,Whisky
1338,1338,Tequila
1339,1339,Rum
1340,1340,Rum
1341,1341,Mezcal
1342,1342,Rum
1343,1343,Whisky
1344,1344,Rum
1345,1345,Gin
1346,1346,Mezcal
1347,1347,Mezcal
1348,1348,Mezcal
1349,1349,Mezcal
1350,1350,Mezcal
1351,1351,Mezcal
1352,1352,Whisky
1353,1353,Gin
1354,1354,Gin
1355,1355,Liqueur
1356,1356,Rum
1357,1357,Rum
1358,1358,Rum
1359,1359,Rum
1360,1360,Rum
1361,1361,Rum
1362,1362,Rum
1363,1363,Rum
1364,1364,Vodka
1365,1365,Liqueur
1366,1366,Rum
1367,1367,Rum
1368,1368,Rum
1369,1369,Liqueur
1370,1370,Rum
1371,1371,Rum
1372,1372,Brandy
1373,1373,Rum
1374,1374,Liqueur
1375,1375,Brandy
1376,1376,Rum
1377,1377,Rum
1378,1378,Rum
1379,1379,Rum
1380,1380,Rum
1381,1381,Rum
1382,1382,Rum
1383,1383,Rum
1384,1384,Rum
1385,1385,Rum
1386,1386,Rum
1387,1387,Rum
1388,1388,Liqueur
1389,1389,Rum
1390,1390,Rum
1391,1391,Rum
1392,1392,Rum
1393,1393,Rum
1394,1394,Rum
1395,1395,Rum
1396,1396,Rum
1397,1397,Liqueur
1398,1398,Rum
1399,1399,Rum
1400,1400,Rum
1401,1401,Liqueur
1402,1402,Rum
1403,1403,Rum
1404,1404,Liqueur
1405,1405,Rum
1406,1406,Liqueur
1407,1407,Rum
1408,1408,Rum
1409,1409,Rum
1410,1410,Rum
1411,1411,Rum
1412,1412,Brandy
1413,1413,Rum
1414,1414,Rum
1415,1415,Rum
1416,1416,Rum
1417,1417,Rum
1418,1418,Rum
1419,1419,Rum
1420,1420,Rum
1421,1421,Rum
1422,1422,Rum
1423,1423,Rum
1424,1424,Rum
1425,1425,Rum
1426,1426,Rum
1427,1427,Rum
1428,1428,Rum
1429,1429,Rum
1430,1430,Rum
1431,1431,Rum
1432,1432,Rum
1433,1433,Rum
1434,1434,Rum
1435,1435,Liqueur
1436,1436,Liqueur
1437,1437,Liqueur
1438,1438,Rum
1439,1439,Rum
1440,1440,Rum
1441,1441,Rum
1442,1442,Rum
1443,1443,Tequila
1444,1444,Rum
1445,1445,Rum
1446,1446,Rum
1447,1447,Rum
1448,1448,Rum
1449,1449,Rum
1450,1450,Rum
1451,1451,Rum
1452,1452,Rum
1453,1453,Rum
1454,1454,Liqueur
1455,1455,Rum
1456,1456,Liqueur
1457,1457,Rum
1458,1458,Rum
1459,1459,Liqueur
1460,1460,Rum
1461,1461,Rum
1462,1462,Rum
1463,1463,Liqueur
1464,1464,Liqueur
1465,1465,Liqueur
1466,1466,Rum
1467,1467,Liqueur
1468,1468,Rum
1469,1469,Rum
1470,1470,Rum
1471,1471,Rum
1472,1472,Liqueur
1473,1473,Rum
1474,1474,Rum
1475,1475,Rum
1476,1476,Rum
1477,1477,Rum
1478,1478,Rum
1479,1479,Rum
1480,1480,Liqueur
1481,1481,Rum
1482,1482,Rum
1483,1483,Rum
1484,1484,Rum
1485,1485,Rum
1486,1486,Rum
1487,1487,Brandy
1488,1488,Rum
1489,1489,Rum
1490,1490,Liqueur
1491,1491,Liqueur
1492,1492,Rum
1493,1493,Liqueur
1494,1494,Liqueur
1495,1495,Liqueur
1496,1496,Rum
1497,1497,Rum
1498,1498,Liqueur
1499,1499,Rum
1500,1500,Liqueur
1501,1501,Rum
1502,1502,Rum
1503,1503,Rum
1504,1504,Liqueur
1505,1505,Liqueur
1506,1506,Rum
1507,1507,Liqueur
1508,1508,Rum
1509,1509,Rum
1510,1510,Rum
1511,1511,Rum
1512,1512,Rum
1513,1513,Rum
1514,1514,Liqueur
1515,1515,Liqueur
1516,1516,Rum
1517,1517,Liqueur
1518,1518,Rum
1519,1519,Rum
1520,1520,Rum
1521,1521,Whisky
1522,1522,Liqueur
1523,1523,Liqueur
1524,1524,Rum
1525,1525,Rum
1526,1526,Liqueur
1527,1527,Rum
1528,1528,Liqueur
1529,1529,Rum
1530,1530,Rum
1531,1531,Rum
1532,1532,Liqueur
1533,1533,Rum
1534,1534,Liqueur
1535,1535,Rum
1536,1536,Whisky
1537,1537,Rum
1538,1538,Rum
1539,1539,Rum
1540,1540,Rum
1541,1541,Rum
1542,1542,Liqueur
1543,1543,Rum
1544,1544,Liqueur
1545,1545,Rum
1546,1546,Rum
1547,1547,Rum
1548,1548,Rum
1549,1549,Liqueur
1550,1550,Rum
1551,1551,Liqueur
1552,1552,Liqueur
1553,1553,Rum
1554,1554,Rum
1555,1555,Liqueur
1556,1556,Rum
1557,1557,Rum
1558,1558,Rum
1559,1559,Liqueur
1560,1560,Rum
1561,1561,Rum
1562,1562,Rum
1563,1563,Rum
1564,1564,Rum
1565,1565,Rum
1566,1566,Liqueur
1567,1567,Liqueur
1568,1568,Liqueur
1569,1569,Liqueur
1570,1570,Rum
1571,1571,Rum
1572,1572,Liqueur
1573,1573,Liqueur
1574,1574,Rum
1575,1575,Rum
1576,1576,Rum
1577,1577,Rum
1578,1578,Rum
1579,1579,Rum
1580,1580,Rum
1581,1581,Rum
1582,1582,Rum
1583,1583,Rum
1584,1584,Rum
1585,1585,Brandy
1586,1586,Liqueur
1587,1587,Rum
1588,1588,Rum
1589,1589,Rum
1590,1590,Rum
1591,1591,Rum
1592,1592,Rum
1593,1593,Rum
1594,1594,Rum
1595,1595,Rum
1596,1596,Liqueur
1597,1597,Rum
1598,1598,Rum
1599,1599,Rum
1600,1600,Rum
1601,1601,Rum
1602,1602,Rum
1603,1603,Rum
1604,1604,Rum
1605,1605,Rum
1606,1606,Rum
1607,1607,Rum
1608,1608,Rum
1609,1609,Rum
1610,1610,Rum
1611,1611,Rum
1612,1612,Rum
1613,1613,Vodka
1614,1614,Rum
1615,1615,Rum
1616,1616,Rum
1617,1617,Rum
1618,1618,Rum
1619,1619,Rum
1620,1620,Rum
1621,1621,Rum
1622,1622,Rum
1623,1623,Liqueur
1624,1624,Rum
1625,1625,Liqueur
1626,1626,Liqueur
1627,1627,Vodka
1628,1628,Rum
1629,1629,Spirits
1630,1630,Liqueur
1631,1631,Rum
1632,1632,Liqueur
1633,1633,Liqueur
1634,1634,Rum
1635,1635,Rum
1636,1636,Rum
1637,1637,Rum
1638,1638,Rum
1639,1639,Rum
1640,1640,Rum
1641,1641,Spirits
1642,1642,Vodka
1643,1643,Vodka
1644,1644,Rum
1645,1645,Rum
1646,1646,Spirits
1647,1647,Rum
1648,1648,Rum
1649,1649,Rum
1650,1650,Rum
1651,1651,Rum
1652,1652,Rum
1653,1653,Rum
1654,1654,Rum
1655,1655,Rum
1656,1656,Rum
1657,1657,Rum
1658,1658,Vodka
1659,1659,Vodka
1660,1660,Vodka
1661,1661,Vodka
1662,1662,Vodka
1663,1663,Vodka
1664,1664,Vodka
1665,1665,Vodka
1666,1666,Vodka
1667,1667,Vodka
1668,1668,Vodka
1669,1669,Vodka
1670,1670,Vodka
1671,1671,Vodka
1672,1672,Vodka
1673,1673,Vodka
1674,1674,Vodka
1675,1675,Vodka
1676,1676,Spirits
1677,1677,Vodka
1678,1678,Vodka
1679,1679,Vodka
1680,1680,Liqueur
1681,1681,Liqueur
1682,1682,Liqueur
1683,1683,Liqueur
1684,1684,Liqueur
1685,1685,Vodka
1686,1686,Vodka
1687,1687,Vodka
1688,1688,Wine
1689,1689,Vodka
1690,1690,Liqueur
1691,1691,Liqueur
1692,1692,Spirits
1693,1693,Vodka
1694,1694,Vodka
1695,1695,Liqueur
1696,1696,Vodka
1697,1697,Liqueur
1698,1698,Vodka
1699,1699,Vodka
1700,1700,Liqueur
1701,1701,Liqueur
1702,1702,Liqueur
1703,1703,Vodka
1704,1704,Vodka
1705,1705,Vodka
1706,1706,Liqueur
1707,1707,Liqueur
1708,1708,Liqueur
1709,1709,Liqueur
1710,1710,Liqueur
1711,1711,Vodka
1712,1712,Vodka
1713,1713,Vodka
1714,1714,Vodka
1715,1715,Vodka
1716,1716,Vodka
1717,1717,Vodka
1718,1718,Vodka
1719,1719,Vodka
1720,1720,Vodka
1721,1721,Vodka
1722,1722,Vodka
1723,1723,Vodka
1724,1724,Liqueur
1725,1725,Liqueur
1726,1726,Vodka
1727,1727,Liqueur
1728,1728,Liqueur
1729,1729,Liqueur
1730,1730,Vodka
1731,1731,Vodka
1732,1732,Vodka
1733,1733,Vodka
1734,1734,Liqueur
1735,1735,Vodka
1736,1736,Liqueur
1737,1737,Vodka
1738,1738,Vodka
1739,1739,Vodka
1740,1740,Vodka
1741,1741,Vodka
1742,1742,Vodka
1743,1743,Vodka
1744,1744,Liqueur
1745,1745,Vodka
1746,1746,Liqueur
1747,1747,Vodka
1748,1748,Vodka
1749,1749,Vodka
1750,1750,Vodka
1751,1751,Vodka
1752,1752,Vodka
1753,1753,Liqueur
1754,1754,Vodka
1755,1755,Vodka
1756,1756,Vodka
1757,1757,Vodka
1758,1758,Liqueur
1759,1759,Liqueur
1760,1760,Liqueur
1761,1761,Liqueur
1762,1762,Vodka
1763,1763,Vodka
1764,1764,Vodka
1765,1765,Vodka
1766,1766,Vodka
1767,1767,Liqueur
1768,1768,Vodka
1769,1769,Vodka
1770,1770,Vodka
1771,1771,Vodka
1772,1772,Liqueur
1773,1773,Liqueur
1774,1774,Liqueur
1775,1775,Vodka
1776,1776,Vodka
1777,1777,Vodka
1778,1778,Vodka
1779,1779,Vodka
1780,1780,Vodka
1781,1781,Vodka
1782,1782,Vodka
1783,1783,Vodka
1784,1784,Vodka
1785,1785,Vodka
1786,1786,Vodka
1787,1787,Vodka
1788,1788,Liqueur
1789,1789,Liqueur
1790,1790,Vodka
1791,1791,Vodka
1792,1792,Vodka
1793,1793,Vodka
1794,1794,Liqueur
1795,1795,Vodka
1796,1796,Vodka
1797,1797,Vodka
1798,1798,Vodka
1799,1799,Vodka
1800,1800,Vodka
1801,1801,Vodka
1802,1802,Vodka
1803,1803,Liqueur
1804,1804,Liqueur
1805,1805,Vodka
1806,1806,Liqueur
1807,1807,Vodka
1808,1808,Vodka
1809,1809,Vodka
1810,1810,Vodka
1811,1811,Vodka
1812,1812,Liqueur
1813,1813,Vodka
1814,1814,Vodka
1815,1815,Vodka
1816,1816,Vodka
1817,1817,Liqueur
1818,1818,Vodka
1819,1819,Vodka
1820,1820,Vodka
1821,1821,Liqueur
1822,1822,Liqueur
1823,1823,Vodka
1824,1824,Liqueur
1825,1825,Liqueur
1826,1826,Tequila
1827,1827,Tequila
1828,1828,Vodka
1829,1829,Vodka
1830,1830,Vodka
1831,1831,Liqueur
1832,1832,Vodka
1833,1833,Vodka
1834,1834,Vodka
1835,1835,Vodka
1836,1836,Liqueur
1837,1837,Vodka
1838,1838,Liqueur
1839,1839,Vodka
1840,1840,Vodka
1841,1841,Wine
1842,1842,Vodka
1843,1843,Vodka
1844,1844,Liqueur
1845,1845,Vodka
1846,1846,Vodka
1847,1847,Liqueur
1848,1848,Beer
1849,1849,Vodka
1850,1850,Liqueur
1851,1851,Liqueur
1852,1852,Vodka
1853,1853,Vodka
1854,1854,Vodka
1855,1855,Vodka
1856,1856,Vodka
1857,1857,Liqueur
1858,1858,Vodka
1859,1859,Liqueur
1860,1860,Liqueur
1861,1861,Vodka
1862,1862,Liqueur
1863,1863,Vodka
1864,1864,Vodka
1865,1865,Vodka
1866,1866,Liqueur
1867,1867,Vodka
1868,1868,Vodka
1869,1869,Vodka
1870,1870,Liqueur
1871,1871,Liqueur
1872,1872,Vodka
1873,1873,Liqueur
1874,1874,Vodka
1875,1875,Vodka
1876,1876,Vodka
1877,1877,Vodka
1878,1878,Vodka
1879,1879,Vodka
1880,1880,Liqueur
1881,1881,Liqueur
1882,1882,Vodka
1883,1883,Vodka
1884,1884,Vodka
1885,1885,Vodka
1886,1886,Vodka
1887,1887,Vodka
1888,1888,Liqueur
1889,1889,Liqueur
1890,1890,Liqueur
1891,1891,Liqueur
1892,1892,Vodka
1893,1893,Liqueur
1894,1894,Vodka
1895,1895,Vodka
1896,1896,Vodka
1897,1897,Vodka
1898,1898,Liqueur
1899,1899,Liqueur
1900,1900,Liqueur
1901,1901,Liqueur
1902,1902,Vodka
1903,1903,Brandy
1904,1904,Liqueur
1905,1905,Liqueur
1906,1906,Liqueur
1907,1907,Liqueur
1908,1908,Liqueur
1909,1909,Vodka
1910,1910,Liqueur
1911,1911,Liqueur
1912,1912,Vodka
1913,1913,Vodka
1914,1914,Vodka
1915,1915,Vodka
1916,1916,Vodka
1917,1917,Vodka
1918,1918,Vodka
1919,1919,Vodka
1920,1920,Vodka
1921,1921,Vodka
1922,1922,Vodka
1923,1923,Vodka
1924,1924,Gin
1925,1925,Vodka
1926,1926,Vodka
1927,1927,Vodka
1928,1928,Vodka
1929,1929,Vodka
1930,1930,Vodka
1931,1931,Vodka
1932,1932,Vodka
1933,1933,Vodka
1934,1934,Vodka
1935,1935,Vodka
1936,1936,Liqueur
1937,1937,Vodka
1938,1938,Vodka
1939,1939,Liqueur
1940,1940,Vodka
1941,1941,Vodka
1942,1942,Liqueur
1943,1943,Vodka
1944,1944,Vodka
1945,1945,Vodka
1946,1946,Vodka
1947,1947,Vodka
1948,1948,Vodka
1949,1949,Vodka
1950,1950,Wine
1951,1951,Vodka
1952,1952,Vodka
1953,1953,Liqueur
1954,1954,Liqueur
1955,1955,Liqueur
1956,1956,Liqueur
1957,1957,Vodka
1958,1958,Liqueur
1959,1959,Liqueur
1960,1960,Vodka
1961,1961,Liqueur
1962,1962,Brandy
1963,1963,Liqueur
1964,1964,Vodka
1965,1965,Vodka
1966,1966,Vodka
1967,1967,Vodka
1968,1968,Vodka
1969,1969,Vodka
1970,1970,Vodka
1971,1971,Vodka
1972,1972,Liqueur
1973,1973,Vodka
1974,1974,Vodka
1975,1975,Vodka
1976,1976,Vodka
1977,1977,Vodka
1978,1978,Vodka
1979,1979,Liqueur
1980,1980,Vodka
1981,1981,Liqueur
1982,1982,Liqueur
1983,1983,Vodka
1984,1984,Liqueur
1985,1985,Vodka
1986,1986,Vodka
1987,1987,Vodka
1988,1988,Vodka
1989,1989,Vodka
1990,1990,Vodka
1991,1991,Vodka
1992,1992,Vodka
1993,1993,Vodka
1994,1994,Brandy
1995,1995,Liqueur
1996,1996,Liqueur
1997,1997,Brandy
1998,1998,Vodka
1999,1999,Vodka
2000,2000,Vodka
2001,2001,Vodka
2002,2002,Vodka
2003,2003,Vodka
2004,2004,Vodka
2005,2005,Vodka
2006,2006,Vodka
2007,2007,Liqueur
2008,2008,Vodka
2009,2009,Vodka
2010,2010,Liqueur
2011,2011,Vodka
2012,2012,Vodka
2013,2013,Vodka
2014,2014,Liqueur
2015,2015,Wine
2016,2016,Vodka
2017,2017,Liqueur
2018,2018,Vodka
2019,2019,Vodka
2020,2020,Liqueur
2021,2021,Vodka
2022,2022,Vodka
2023,2023,Vodka
2024,2024,Vodka
2025,2025,Rum
2026,2026,Liqueur
2027,2027,Vodka
2028,2028,Vodka
2029,2029,Vodka
2030,2030,Liqueur
2031,2031,Liqueur
2032,2032,Vodka
2033,2033,Liqueur
2034,2034,Vodka
2035,2035,Liqueur
2036,2036,Liqueur
2037,2037,Vodka
2038,2038,Liqueur
2039,2039,Vodka
2040,2040,Vodka
2041,2041,Vodka
2042,2042,Vodka
2043,2043,Liqueur
2044,2044,Vodka
2045,2045,Vodka
2046,2046,Gin
2047,2047,Gin
2048,2048,Gin
2049,2049,Vodka
2050,2050,Vodka
2051,2051,Vodka
2052,2052,Liqueur
2053,2053,Vodka
2054,2054,Vodka
2055,2055,Vodka
2056,2056,Vodka
2057,2057,Vodka
2058,2058,Vodka
2059,2059,Vodka
2060,2060,Vodka
2061,2061,Vodka
2062,2062,Vodka
2063,2063,Liqueur
2064,2064,Vodka
2065,2065,Vodka
2066,2066,Vodka
2067,2067,Vodka
2068,2068,Vodka
2069,2069,Vodka
2070,2070,Vodka
2071,2071,Vodka
2072,2072,Vodka
2073,2073,Vodka
2074,2074,Liqueur
2075,2075,Vodka
2076,2076,Liqueur
2077,2077,Liqueur
2078,2078,Vodka
2079,2079,Vodka
2080,2080,Vodka
2081,2081,Liqueur
2082,2082,Vodka
2083,2083,Vodka
2084,2084,Vodka
2085,2085,Gin
2086,2086,Wine
2087,2087,Gin
2088,2088,Gin
2089,2089,Gin
2090,2090,Brandy
2091,2091,Gin
2092,2092,Gin
2093,2093,Gin
2094,2094,Gin
2095,2095,Gin
2096,2096,Gin
2097,2097,Gin
2098,2098,Gin
2099,2099,Liqueur
2100,2100,Gin
2101,2101,Gin
2102,2102,Gin
2103,2103,Gin
2104,2104,Gin
2105,2105,Gin
2106,2106,Gin
2107,2107,Gin
2108,2108,Gin
2109,2109,Gin
2110,2110,Gin
2111,2111,Gin
2112,2112,Gin
2113,2113,Gin
2114,2114,Gin
2115,2115,Gin
2116,2116,Gin
2117,2117,Gin
2118,2118,Gin
2119,2119,Brandy
2120,2120,Gin
2121,2121,Gin
2122,2122,Gin
2123,2123,Gin
2124,2124,Gin
2125,2125,Liqueur
2126,2126,Gin
2127,2127,Gin
2128,2128,Gin
2129,2129,Gin
2130,2130,Liqueur
2131,2131,Gin
2132,2132,Gin
2133,2133,Gin
2134,2134,Wine
2135,2135,Gin
2136,2136,Gin
2137,2137,Gin
2138,2138,Gin
2139,2139,Gin
2140,2140,Gin
2141,2141,Whisky
2142,2142,Gin
2143,2143,Gin
2144,2144,Gin
2145,2145,Gin
2146,2146,Gin
2147,2147,Gin
2148,2148,Gin
2149,2149,Gin
2150,2150,Gin
2151,2151,Gin
2152,2152,Spirits
2153,2153,Gin
2154,2154,Gin
2155,2155,Gin
2156,2156,Gin
2157,2157,Gin
2158,2158,Gin
2159,2159,Gin
2160,2160,Gin
2161,2161,Gin
2162,2162,Gin
2163,2163,Gin
2164,2164,Gin
2165,2165,Gin
2166,2166,Gin
2167,2167,Gin
2168,2168,Gin
2169,2169,Gin
2170,2170,Gin
2171,2171,Gin
2172,2172,Liqueur
2173,2173,Gin
2174,2174,Gin
2175,2175,Gin
2176,2176,Liqueur
2177,2177,Whisky
2178,2178,Gin
2179,2179,Gin
2180,2180,Gin
2181,2181,Gin
2182,2182,Gin
2183,2183,Gin
2184,2184,Gin
2185,2185,Gin
2186,2186,Liqueur
2187,2187,Gin
2188,2188,Gin
2189,2189,Gin
2190,2190,Gin
2191,2191,Gin
2192,2192,Liqueur
2193,2193,Gin
2194,2194,Gin
2195,2195,Gin
2196,2196,Gin
2197,2197,Gin
2198,2198,Gin
2199,2199,Gin
2200,2200,Gin
2201,2201,Gin
2202,2202,Gin
2203,2203,Gin
2204,2204,Gin
2205,2205,Gin
2206,2206,Gin
2207,2207,Gin
2208,2208,Gin
2209,2209,Gin
2210,2210,Gin
2211,2211,Gin
2212,2212,Liqueur
2213,2213,Gin
2214,2214,Gin
2215,2215,Gin
2216,2216,Gin
2217,2217,Gin
2218,2218,Gin
2219,2219,Spirits
2220,2220,Gin
2221,2221,Gin
2222,2222,Gin
2223,2223,Gin
2224,2224,Gin
2225,2225,Gin
2226,2226,Gin
2227,2227,Gin
2228,2228,Gin
2229,2229,Liqueur
2230,2230,Liqueur
2231,2231,Gin
2232,2232,Brandy
2233,2233,Gin
2234,2234,Gin
2235,2235,Gin
2236,2236,Gin
2237,2237,Gin
2238,2238,Gin
2239,2239,Gin
2240,2240,Gin
2241,2241,Gin
2242,2242,Gin
2243,2243,Gin
2244,2244,Gin
2245,2245,Gin
2246,2246,Gin
2247,2247,Gin
2248,2248,Gin
2249,2249,Gin
2250,2250,Gin
2251,2251,Gin
2252,2252,Gin
2253,2253,Gin
2254,2254,Gin
2255,2255,Gin
2256,2256,Gin
2257,2257,Gin
2258,2258,Gin
2259,2259,Liqueur
2260,2260,Gin
2261,2261,Gin
2262,2262,Gin
2263,2263,Gin
2264,2264,Liqueur
2265,2265,Gin
2266,2266,Gin
2267,2267,Gin
2268,2268,Gin
2269,2269,Gin
2270,2270,Gin
2271,2271,Gin
2272,2272,Gin
2273,2273,Gin
2274,2274,Gin
2275,2275,Gin
2276,2276,Gin
2277,2277,Gin
2278,2278,Gin
2279,2279,Gin
2280,2280,Gin
2281,2281,Wine
2282,2282,Gin
2283,2283,Gin
2284,2284,Gin
2285,2285,Gin
2286,2286,Liqueur
2287,2287,Gin
2288,2288,Gin
2289,2289,Beer
2290,2290,Gin
2291,2291,Gin
2292,2292,Gin
2293,2293,Gin
2294,2294,Liqueur
2295,2295,Gin
2296,2296,Gin
2297,2297,Gin
2298,2298,Liqueur
2299,2299,Liqueur
2300,2300,Gin
2301,2301,Gin
2302,2302,Gin
2303,2303,Gin
2304,2304,Gin
2305,2305,Gin
2306,2306,Wine
2307,2307,Liqueur
2308,2308,Gin
2309,2309,Gin
2310,2310,Gin
2311,2311,Gin
2312,2312,Wine
2313,2313,Gin
2314,2314,Gin
2315,2315,Gin
2316,2316,Gin
2317,2317,Gin
2318,2318,Gin
2319,2319,Liqueur
2320,2320,Gin
2321,2321,Gin
2322,2322,Gin
2323,2323,Gin
2324,2324,Gin
2325,2325,Gin
2326,2326,Gin
2327,2327,Gin
2328,2328,Gin
2329,2329,Gin
2330,2330,Gin
2331,2331,Brandy
2332,2332,Gin
2333,2333,Gin
2334,2334,Gin
2335,2335,Gin
2336,2336,Gin
2337,2337,Liqueur
2338,2338,Gin
2339,2339,Gin
2340,2340,Gin
2341,2341,Gin
2342,2342,Gin
2343,2343,Liqueur
2344,2344,Gin
2345,2345,Gin
2346,2346,Gin
2347,2347,Gin
2348,2348,Gin
2349,2349,Whisky
2350,2350,Gin
2351,2351,Gin
2352,2352,Gin
2353,2353,Gin
2354,2354,Gin
2355,2355,Gin
2356,2356,Gin
2357,2357,Gin
2358,2358,Gin
2359,2359,Gin
2360,2360,Gin
2361,2361,Liqueur
2362,2362,Gin
2363,2363,Gin
2364,2364,Rum
2365,2365,Gin
2366,2366,Gin
2367,2367,Gin
2368,2368,Gin
2369,2369,Gin
2370,2370,Gin
2371,2371,Gin
2372,2372,Gin
2373,2373,Liqueur
2374,2374,Gin
2375,2375,Gin
2376,2376,Gin
2377,2377,Gin
2378,2378,Wine
2379,2379,Gin
2380,2380,Gin
2381,2381,Liqueur
2382,2382,Gin
2383,2383,Gin
2384,2384,Gin
2385,2385,Gin
2386,2386,Gin
2387,2387,Gin
2388,2388,Gin
2389,2389,Gin
2390,2390,Gin
2391,2391,Gin
2392,2392,Gin
2393,2393,Gin
2394,2394,Gin
2395,2395,Gin
2396,2396,Gin
2397,2397,Gin
2398,2398,Gin
2399,2399,Gin
2400,2400,Gin
2401,2401,Gin
2402,2402,Gin
2403,2403,Liqueur
2404,2404,Gin
2405,2405,Gin
2406,2406,Gin
2407,2407,Gin
2408,2408,Gin
2409,2409,Gin
2410,2410,Beer
2411,2411,Gin
2412,2412,Gin
2413,2413,Whisky
2414,2414,Gin
2415,2415,Gin
2416,2416,Gin
2417,2417,Gin
2418,2418,Gin
2419,2419,Gin
2420,2420,Gin
2421,2421,Liqueur
2422,2422,Gin
2423,2423,Gin
2424,2424,Gin
2425,2425,Gin
2426,2426,Gin
2427,2427,Gin
2428,2428,Gin
2429,2429,Gin
2430,2430,Gin
2431,2431,Gin
2432,2432,Gin
2433,2433,Gin
2434,2434,Gin
2435,2435,Gin
2436,2436,Gin
2437,2437,Gin
2438,2438,Gin
2439,2439,Gin
2440,2440,Gin
2441,2441,Gin
2442,2442,Gin
2443,2443,Gin
2444,2444,Gin
2445,2445,Gin
2446,2446,Liqueur
2447,2447,Gin
2448,2448,Liqueur
2449,2449,Beer
2450,2450,Gin
2451,2451,Liqueur
2452,2452,Gin
2453,2453,Gin
2454,2454,Gin
2455,2455,Liqueur
2456,2456,Gin
2457,2457,Beer
2458,2458,Gin
2459,2459,Beer
2460,2460,Gin
2461,2461,Gin
2462,2462,Gin
2463,2463,Gin
2464,2464,Gin
2465,2465,Liqueur
2466,2466,Gin
2467,2467,Gin
2468,2468,Gin
2469,2469,Brandy
2470,2470,Gin
2471,2471,Gin
2472,2472,Gin
2473,2473,Gin
2474,2474,Gin
2475,2475,Liqueur
2476,2476,Gin
2477,2477,Gin
2478,2478,Gin
2479,2479,Gin
2480,2480,Gin
2481,2481,Liqueur
2482,2482,Gin
2483,2483,Gin
2484,2484,Gin
2485,2485,Gin
2486,2486,Gin
2487,2487,Liqueur
2488,2488,Liqueur
2489,2489,Tequila
2490,2490,Liqueur
2491,2491,Rum
2492,2492,Whisky
2493,2493,Liqueur
2494,2494,Whisky
2495,2495,Spirits
2496,2496,Tequila
2497,2497,Tequila
2498,2498,Brandy
2499,2499,
2500,2500,Brandy
2501,2501,Liqueur
2502,2502,Liqueur
2503,2503,Rum
2504,2504,Whisky
2505,2505,
2506,2506,Liqueur
2507,2507,Brandy
2508,2508,Brandy
2509,2509,Whisky
2510,2510,Brandy
2511,2511,Liqueur
2512,2512,Brandy
2513,2513,Brandy
2514,2514,Whisky
2515,2515,Liqueur
2516,2516,Whisky
2517,2517,Rum
2518,2518,Tequila
2519,2519,Tequila
2520,2520,Rum
2521,2521,Tequila
2522,2522,
2523,2523,Tequila
2524,2524,Liqueur
2525,2525,Rum
2526,2526,Whisky
2527,2527,Whisky
2528,2528,Vodka
2529,2529,Vodka
2530,2530,Vodka
2531,2531,Brandy
2532,2532,Vodka
2533,2533,Vodka
2534,2534,Liqueur
2535,2535,Whisky
2536,2536,Rum
2537,2537,Tequila
2538,2538,Rum
2539,2539,Vodka
2540,2540,Rum
2541,2541,Tequila
2542,2542,Vodka
2543,2543,Rum
2544,2544,Rum
2545,2545,Vodka
2546,2546,Vodka
2547,2547,Liqueur
2548,2548,Vodka
2549,2549,Vodka
2550,2550,Rum
2551,2551,Rum
2552,2552,Rum
2553,2553,Rum
2554,2554,Rum
2555,2555,Whisky
2556,2556,Whisky
2557,2557,Whisky
2558,2558,Whisky
2559,2559,Tequila
2560,2560,Brandy
2561,2561,Brandy
2562,2562,Rum
2563,2563,Tequila
2564,2564,Tequila
2565,2565,Tequila
2566,2566,Wine
2567,2567,Whisky
2568,2568,Rum
2569,2569,Brandy
2570,2570,Rum
2571,2571,Rum
2572,2572,Brandy
2573,2573,Rum
2574,2574,Liqueur
2575,2575,Whisky
2576,2576,Whisky
2577,2577,Whisky
2578,2578,Rum
2579,2579,Whisky
2580,2580,Whisky
2581,2581,Liqueur
2582,2582,Liqueur
2583,2583,Brandy
2584,2584,Brandy
2585,2585,Brandy
2586,2586,Rum
2587,2587,Rum
2588,2588,Rum
2589,2589,
2590,2590,Vodka
2591,2591,Liqueur
2592,2592,Tequila
2593,2593,Liqueur
2594,2594,Liqueur
2595,2595,Vodka
2596,2596,Vodka
2597,2597,Rum
2598,2598,Vodka
2599,2599,Vodka
2600,2600,Wine
2601,2601,Liqueur
2602,2602,Liqueur
2603,2603,Tequila
2604,2604,Brandy
2605,2605,Rum
2606,2606,Liqueur
2607,2607,Liqueur
2608,2608,Liqueur
2609,2609,Brandy
2610,2610,Liqueur
2611,2611,Rum
2612,2612,Vodka
2613,2613,Rum
2614,2614,Brandy
2615,2615,Brandy
2616,2616,Rum
2617,2617,Vodka
2618,2618,Vodka
2619,2619,Rum
2620,2620,Brandy
2621,2621,Rum
2622,2622,Brandy
2623,2623,Whisky
2624,2624,Liqueur
2625,2625,Liqueur
2626,2626,Liqueur
2627,2627,Liqueur
2628,2628,Liqueur
2629,2629,Whisky
2630,2630,Whisky
2631,2631,Rum
2632,2632,Rum
2633,2633,Brandy
2634,2634,Tequila
2635,2635,Brandy
2636,2636,Tequila
2637,2637,Liqueur
2638,2638,Wine
2639,2639,Tequila
2640,2640,Vodka
2641,2641,Brandy
2642,2642,Liqueur
2643,2643,Rum
2644,2644,Liqueur
2645,2645,Vodka
2646,2646,Rum
2647,2647,Vodka
2648,2648,Liqueur
2649,2649,Liqueur
2650,2650,Vodka
2651,2651,Tequila
2652,2652,Whisky
2653,2653,Spirits
2654,2654,Tequila
2655,2655,Liqueur
2656,2656,Brandy
2657,2657,Vodka
2658,2658,Tequila
2659,2659,
2660,2660,Brandy
2661,2661,Whisky
2662,2662,Liqueur
2663,2663,Tequila
2664,2664,Whisky
2665,2665,Whisky
2666,2666,Whisky
2667,2667,Liqueur
2668,2668,Brandy
2669,2669,Whisky
2670,2670,Vodka
2671,2671,Liqueur
2672,2672,Liqueur
2673,2673,Brandy
2674,2674,Liqueur
2675,2675,Tequila
2676,2676,Spirits
2677,2677,Vodka
2678,2678,Tequila
2679,2679,
2680,2680,Rum
2681,2681,Vodka
2682,2682,Rum
2683,2683,Vodka
2684,2684,Rum
2685,2685,Rum
2686,2686,Rum
2687,2687,Whisky
2688,2688,Vodka
2689,2689,Vodka
2690,2690,Rum
2691,2691,
2692,2692,Vodka
2693,2693,Liqueur
2694,2694,Whisky
2695,2695,Whisky
2696,2696,Whisky
2697,2697,Whisky
2698,2698,Liqueur
2699,2699,Whisky
2700,2700,Liqueur
2701,2701,Vodka
2702,2702,Vodka
2703,2703,Vodka
2704,2704,Vodka
2705,2705,Rum
2706,2706,Liqueur
2707,2707,Vodka
2708,2708,Vodka
2709,2709,Vodka
2710,2710,Brandy
2711,2711,Vodka
2712,2712,Brandy
2713,2713,Brandy
2714,2714,Vodka
2715,2715,Vodka
2716,2716,Vodka
2717,2717,
2718,2718,Liqueur
2719,2719,Brandy
2720,2720,Brandy
2721,2721,Whisky
2722,2722,Vodka
2723,2723,Wine
2724,2724,Vodka
2725,2725,Vodka
2726,2726,Tequila
2727,2727,Liqueur
2728,2728,Vodka
2729,2729,Vodka
2730,2730,Wine
2731,2731,Liqueur
2732,2732,Rum
2733,2733,Rum
2734,2734,Liqueur
2735,2735,Liqueur
2736,2736,Brandy
2737,2737,Liqueur
2738,2738,Liqueur
2739,2739,Whisky
2740,2740,Whisky
2741,2741,Tequila
2742,2742,Whisky
2743,2743,Liqueur
2744,2744,Brandy
2745,2745,Brandy
2746,2746,Liqueur
2747,2747,Whisky
2748,2748,Brandy
2749,2749,Wine
2750,2750,Whisky
2751,2751,Brandy
2752,2752,Vodka
2753,2753,Liqueur
2754,2754,Vodka
2755,2755,Whisky
2756,2756,Liqueur
2757,2757,Rum
2758,2758,Brandy
2759,2759,Liqueur
2760,2760,Brandy
2761,2761,Vodka
2762,2762,Vodka
2763,2763,Tequila
2764,2764,Brandy
2765,2765,Vodka
2766,2766,Vodka
2767,2767,Vodka
2768,2768,Vodka
2769,2769,Vodka
2770,2770,Vodka
2771,2771,Vodka
2772,2772,Tequila
2773,2773,Liqueur
2774,2774,Tequila
2775,2775,Tequila
2776,2776,Whisky
2777,2777,Vodka
2778,2778,Vodka
2779,2779,Rum
2780,2780,Liqueur
2781,2781,Brandy
2782,2782,Brandy
2783,2783,Brandy
2784,2784,Vodka
2785,2785,Brandy
2786,2786,Brandy
2787,2787,Vodka
2788,2788,Liqueur
2789,2789,
2790,2790,Vodka
2791,2791,Rum
2792,2792,Rum
2793,2793,Tequila
2794,2794,Vodka
2795,2795,Vodka
2796,2796,Whisky
2797,2797,Vodka
2798,2798,Liqueur
2799,2799,Rum
2800,2800,Liqueur
2801,2801,Wine
2802,2802,Tequila
2803,2803,Liqueur
2804,2804,Whisky
2805,2805,Gin
2806,2806,Vodka
2807,2807,Vodka
2808,2808,Gin
2809,2809,Rum
2810,2810,Whisky
2811,2811,Vodka
2812,2812,Vodka
2813,2813,Vodka
2814,2814,Liqueur
2815,2815,Rum
2816,2816,Rum
2817,2817,Tequila
2818,2818,Brandy
2819,2819,Whisky
2820,2820,Whisky
2821,2821,Whisky
2822,2822,Gin
2823,2823,Whisky
2824,2824,Whisky
2825,2825,Rum
2826,2826,Liqueur
2827,2827,Liqueur
2828,2828,Liqueur
2829,2829,Tequila
2830,2830,Tequila
2831,2831,Brandy
2832,2832,Liqueur
2833,2833,Liqueur
2834,2834,Liqueur
2835,2835,Whisky
2836,2836,Brandy
2837,2837,Gin
2838,2838,Wine
2839,2839,Vodka
2840,2840,Tequila
2841,2841,Liqueur
2842,2842,Whisky
2843,2843,Whisky
2844,2844,Liqueur
2845,2845,Vodka
2846,2846,Rum
2847,2847,Rum
2848,2848,Liqueur
2849,2849,Liqueur
2850,2850,Vodka
2851,2851,Liqueur
2852,2852,Vodka
2853,2853,Brandy
2854,2854,Rum
2855,2855,Vodka
2856,2856,Vodka
2857,2857,Vodka
2858,2858,Vodka
2859,2859,Vodka
2860,2860,Whisky
2861,2861,Tequila
2862,2862,Vodka
2863,2863,Rum
2864,2864,Whisky
2865,2865,Liqueur
2866,2866,Rum
2867,2867,Tequila
2868,2868,Tequila
2869,2869,Tequila
2870,2870,Tequila
2871,2871,Whisky
2872,2872,Whisky
2873,2873,Whisky
2874,2874,Brandy
2875,2875,Tequila
2876,2876,Vodka
2877,2877,Rum
2878,2878,Brandy
2879,2879,Rum
2880,2880,Liqueur
2881,2881,Tequila
2882,2882,Wine
2883,2883,Liqueur
2884,2884,Tequila
2885,2885,Vodka
2886,2886,Rum
2887,2887,Whisky
2888,2888,Vodka
2889,2889,Liqueur
2890,2890,Brandy
2891,2891,Vodka
2892,2892,Whisky
2893,2893,Rum
2894,2894,Tequila
2895,2895,Whisky
2896,2896,Liqueur
2897,2897,Whisky
2898,2898,Whisky
2899,2899,Whisky
2900,2900,Vodka
2901,2901,Whisky
2902,2902,Whisky
2903,2903,Liqueur
2904,2904,Brandy
2905,2905,Brandy
2906,2906,Liqueur
2907,2907,Rum
2908,2908,Brandy
2909,2909,Rum
2910,2910,Liqueur
2911,2911,Liqueur
2912,2912,Liqueur
2913,2913,Liqueur
2914,2914,Liqueur
2915,2915,Rum
2916,2916,Liqueur
2917,2917,Liqueur
2918,2918,Whisky
2919,2919,Brandy
2920,2920,Liqueur
2921,2921,Liqueur
2922,2922,Liqueur
2923,2923,Liqueur
2924,2924,Liqueur
2925,2925,
2926,2926,Liqueur
2927,2927,Vodka
2928,2928,Liqueur
2929,2929,Liqueur
2930,2930,Liqueur
2931,2931,Liqueur
2932,2932,Liqueur
2933,2933,Liqueur
2934,2934,Rum
2935,2935,Liqueur
2936,2936,Liqueur
2937,2937,Liqueur
2938,2938,Rum
2939,2939,Liqueur
2940,2940,Rum
2941,2941,Rum
2942,2942,Whisky
2943,2943,Liqueur
2944,2944,Vodka
2945,2945,Liqueur
2946,2946,Liqueur
2947,2947,Liqueur
2948,2948,Liqueur
2949,2949,Liqueur
2950,2950,
2951,2951,
2952,2952,Brandy
2953,2953,Liqueur
2954,2954,Liqueur
2955,2955,Liqueur
2956,2956,Liqueur
2957,2957,Liqueur
2958,2958,Liqueur
2959,2959,Liqueur
2960,2960,Liqueur
2961,2961,Whisky
2962,2962,Vodka
2963,2963,Whisky
2964,2964,Whisky
2965,2965,Vodka
2966,2966,Liqueur
2967,2967,Liqueur
2968,2968,Liqueur
2969,2969,Vodka
2970,2970,Rum
2971,2971,Rum
2972,2972,Vodka
2973,2973,Liqueur
2974,2974,Whisky
2975,2975,Liqueur
2976,2976,Liqueur
2977,2977,Liqueur
2978,2978,Liqueur
2979,2979,Liqueur
2980,2980,Liqueur
2981,2981,Liqueur
2982,2982,Rum
2983,2983,Liqueur
2984,2984,Brandy
2985,2985,Vodka
2986,2986,Vodka
2987,2987,Vodka
2988,2988,Vodka
2989,2989,Wine
2990,2990,Rum
2991,2991,Liqueur
2992,2992,Vodka
2993,2993,Rum
2994,2994,Liqueur
2995,2995,Liqueur
2996,2996,Whisky
2997,2997,Liqueur
2998,2998,Mezcal
2999,2999,Gin
3000,3000,Brandy
3001,3001,Whisky
3002,3002,Liqueur
3003,3003,Whisky
3004,3004,Liqueur
3005,3005,Tequila
3006,3006,Rum
3007,3007,Rum
3008,3008,Spirits
3009,3009,Gin
3010,3010,Brandy
3011,3011,Mezcal
3012,3012,Tequila
3013,3013,Gin
3014,3014,Gin
3015,3015,Brandy
3016,3016,Gin
3017,3017,Brandy
3018,3018,Brandy
3019,3019,Tequila
3020,3020,Gin
3021,3021,Rum
3022,3022,Brandy
3023,3023,Brandy
3024,3024,Rum
3025,3025,Tequila
3026,3026,Gin
3027,3027,Gin
3028,3028,Brandy
3029,3029,Gin
3030,3030,Gin
3031,3031,Brandy
3032,3032,Gin
3033,3033,Brandy
3034,3034,Brandy
3035,3035,Vodka
3036,3036,Wine
3037,3037,Whisky
3038,3038,Gin
3039,3039,Whisky
3040,3040,Whisky
3041,3041,Wine
3042,3042,Tequila
3043,3043,Rum
3044,3044,Brandy
3045,3045,Whisky
3046,3046,Mezcal
3047,3047,Tequila
3048,3048,Whisky
3049,3049,Brandy
3050,3050,Gin
3051,3051,Vodka
3052,3052,Gin
3053,3053,Wine
3054,3054,Mezcal
3055,3055,Whisky
3056,3056,Wine
3057,3057,Brandy
3058,3058,Mezcal
3059,3059,Whisky
3060,3060,Wine
3061,3061,Gin
3062,3062,Gin
3063,3063,Gin
3064,3064,Wine
3065,3065,Wine
3066,3066,Tequila
3067,3067,Whisky
3068,3068,Brandy
3069,3069,Vodka
3070,3070,Gin
3071,3071,Mezcal
3072,3072,Whisky
3073,3073,Gin
3074,3074,Brandy
3075,3075,Rum
3076,3076,Spirits
3077,3077,Whisky
3078,3078,Liqueur
3079,3079,Mezcal
3080,3080,Wine
3081,3081,Rum
3082,3082,Gin
3083,3083,Whisky
3084,3084,Rum
3085,3085,Brandy
3086,3086,Tequila
3087,3087,Wine
3088,3088,Whisky
3089,3089,Gin
3090,3090,Wine
3091,3091,Tequila
3092,3092,Tequila
3093,3093,Whisky
3094,3094,Spirits
3095,3095,Rum
3096,3096,Whisky
3097,3097,Liqueur
3098,3098,Rum
3099,3099,Vodka
3100,3100,Tequila
3101,3101,Whisky
3102,3102,Vodka
3103,3103,Rum
3104,3104,Vodka
3105,3105,Wine
3106,3106,Gin
3107,3107,Liqueur
3108,3108,Whisky
3109,3109,Gin
3110,3110,Whisky
3111,3111,Whisky
3112,3112,Vodka
3113,3113,Gin
3114,3114,Rum
3115,3115,Rum
3116,3116,Wine
3117,3117,Gin
3118,3118,Wine
3119,3119,Vodka
3120,3120,Vodka
3121,3121,Tequila
3122,3122,Whisky
3123,3123,Mezcal
3124,3124,Mezcal
3125,3125,Gin
3126,3126,Gin
3127,3127,Rum
3128,3128,Rum
3129,3129,Rum
3130,3130,Rum
3131,3131,Whisky
3132,3132,Rum
3133,3133,Tequila
3134,3134,Wine
3135,3135,Gin
3136,3136,Gin
3137,3137,Liqueur
3138,3138,Gin
3139,3139,Rum
3140,3140,Rum
3141,3141,Tequila
3142,3142,Whisky
3143,3143,Tequila
3144,3144,Tequila
3145,3145,Tequila
3146,3146,Tequila
3147,3147,Tequila
3148,3148,Beer
3149,3149,Mezcal
3150,3150,Gin
3151,3151,Whisky
3152,3152,Whisky
3153,3153,Whisky
3154,3154,Whisky
3155,3155,Wine
3156,3156,Gin
3157,3157,Mezcal
3158,3158,Mezcal
3159,3159,Tequila
3160,3160,Whisky
3161,3161,Brandy
3162,3162,Gin
3163,3163,Rum
3164,3164,Mezcal
3165,3165,Whisky
3166,3166,Spirits
3167,3167,Vodka
3168,3168,Vodka
3169,3169,Vodka
3170,3170,Wine
3171,3171,Tequila
3172,3172,Whisky
3173,3173,Gin
3174,3174,Tequila
3175,3175,Wine
3176,3176,Wine
3177,3177,Gin
3178,3178,Gin
3179,3179,Gin
3180,3180,Gin
3181,3181,Gin
3182,3182,Gin
3183,3183,Gin
3184,3184,Rum
3185,3185,Gin
3186,3186,Rum
3187,3187,Tequila
3188,3188,Gin
3189,3189,Gin
3190,3190,Gin
3191,3191,Whisky
3192,3192,Gin
3193,3193,Brandy
3194,3194,Tequila
3195,3195,Gin
3196,3196,Gin
3197,3197,Gin
3198,3198,Vodka
3199,3199,Rum
3200,3200,Whisky
3201,3201,Rum
3202,3202,Liqueur
3203,3203,Whisky
3204,3204,Rum
3205,3205,Whisky
3206,3206,Rum
3207,3207,Whisky
3208,3208,Gin
3209,3209,Rum
3210,3210,Spirits
3211,3211,Whisky
3212,3212,Whisky
3213,3213,Rum
3214,3214,Rum
3215,3215,Whisky
3216,3216,Gin
3217,3217,Gin
3218,3218,Gin
3219,3219,Rum
3220,3220,Tequila
3221,3221,Tequila
3222,3222,Whisky
3223,3223,Rum
3224,3224,Brandy
3225,3225,Gin
3226,3226,Brandy
3227,3227,Rum
3228,3228,Rum
3229,3229,Rum
3230,3230,Wine
3231,3231,Whisky
3232,3232,Gin
3233,3233,Gin
3234,3234,Gin
3235,3235,Gin
3236,3236,Rum
3237,3237,Brandy
3238,3238,Gin
3239,3239,Whisky
3240,3240,Wine
3241,3241,Wine
3242,3242,Whisky
3243,3243,Wine
3244,3244,Whisky
3245,3245,Gin
3246,3246,Rum
3247,3247,Gin
3248,3248,Gin
3249,3249,Brandy
3250,3250,Vodka
3251,3251,Whisky
3252,3252,Whisky
3253,3253,Whisky
3254,3254,Tequila
3255,3255,Tequila
3256,3256,Tequila
3257,3257,Whisky
3258,3258,Brandy
3259,3259,Gin
3260,3260,Gin
3261,3261,Wine
3262,3262,Rum
3263,3263,Whisky
3264,3264,Tequila
3265,3265,Gin
3266,3266,Liqueur
3267,3267,Wine
3268,3268,Whisky
3269,3269,Wine
3270,3270,Wine
3271,3271,Wine
3272,3272,Rum
3273,3273,Gin
3274,3274,Gin
3275,3275,Whisky
3276,3276,Whisky
3277,3277,Tequila
3278,3278,Gin
3279,3279,Brandy
3280,3280,Brandy
3281,3281,Brandy
3282,3282,Beer
3283,3283,Brandy
3284,3284,Brandy
3285,3285,Mezcal
3286,3286,Tequila
3287,3287,Whisky
3288,3288,Whisky
3289,3289,Brandy
3290,3290,Rum
3291,3291,Wine
3292,3292,Rum
3293,3293,Gin
3294,3294,Liqueur
3295,3295,Whisky
3296,3296,Gin
3297,3297,Gin
3298,3298,Rum
3299,3299,Tequila
3300,3300,Tequila
3301,3301,Tequila
3302,3302,Rum
3303,3303,Whisky
3304,3304,Brandy
3305,3305,Brandy
3306,3306,Rum
3307,3307,Wine
3308,3308,Rum
3309,3309,Liqueur
3310,3310,Whisky
3311,3311,Gin
3312,3312,Wine
3313,3313,Mezcal
3314,3314,Tequila
3315,3315,Mezcal
3316,3316,Tequila
3317,3317,Whisky
3318,3318,Whisky
3319,3319,Whisky
3320,3320,Liqueur
3321,3321,Rum
3322,3322,Tequila
3323,3323,Mezcal
3324,3324,Rum
3325,3325,Gin
3326,3326,Mezcal
3327,3327,Tequila
3328,3328,Whisky
3329,3329,Gin
3330,3330,Mezcal
3331,3331,Gin
3332,3332,Whisky
3333,3333,Gin
3334,3334,Wine
3335,3335,Gin
3336,3336,Gin
3337,3337,Wine
3338,3338,Tequila
3339,3339,Mezcal
3340,3340,Whisky
3341,3341,Gin
3342,3342,Gin
3343,3343,Rum
3344,3344,Rum
3345,3345,Whisky
3346,3346,Wine
3347,3347,Liqueur
3348,3348,Whisky
3349,3349,Wine
3350,3350,Wine
3351,3351,Wine
3352,3352,Tequila
3353,3353,Rum
3354,3354,Gin
3355,3355,Gin
3356,3356,Gin
3357,3357,Brandy
3358,3358,Brandy
3359,3359,Wine
3360,3360,Whisky
3361,3361,Rum
3362,3362,Whisky
3363,3363,Whisky
3364,3364,Mezcal
3365,3365,Wine
3366,3366,Whisky
3367,3367,Gin
3368,3368,Gin
3369,3369,Brandy
3370,3370,Brandy
3371,3371,Whisky
3372,3372,Whisky
3373,3373,Wine
3374,3374,Brandy
3375,3375,Whisky
3376,3376,Whisky
3377,3377,Gin
3378,3378,Rum
3379,3379,Whisky
3380,3380,Tequila
3381,3381,Rum
3382,3382,Brandy
3383,3383,Brandy
3384,3384,Rum
3385,3385,Gin
3386,3386,Whisky
3387,3387,Brandy
3388,3388,Brandy
3389,3389,Spirits
3390,3390,Spirits
3391,3391,Rum
3392,3392,Spirits
3393,3393,Wine
3394,3394,Whisky
3395,3395,Whisky
3396,3396,Whisky
3397,3397,Brandy
3398,3398,Whisky
3399,3399,Gin
3400,3400,Tequila
3401,3401,Gin
3402,3402,Brandy
3403,3403,Brandy
3404,3404,Brandy
3405,3405,Wine
3406,3406,Brandy
3407,3407,Gin
3408,3408,Mezcal
3409,3409,Whisky
3410,3410,Gin
3411,3411,Wine
3412,3412,Vodka
3413,3413,Rum
3414,3414,Gin
3415,3415,Whisky
3416,3416,Wine
3417,3417,Gin
3418,3418,Gin
3419,3419,Gin
3420,3420,Rum
3421,3421,Brandy
3422,3422,Mezcal
3423,3423,Liqueur
3424,3424,Vodka
3425,3425,Mezcal
3426,3426,Rum
3427,3427,Brandy
3428,3428,Rum
3429,3429,Liqueur
3430,3430,Brandy
3431,3431,Brandy
3432,3432,Gin
3433,3433,Whisky
3434,3434,Whisky
3435,3435,Mezcal
3436,3436,Gin
3437,3437,Whisky
3438,3438,Vodka
3439,3439,Mezcal
3440,3440,Whisky
3441,3441,Whisky
3442,3442,Rum
3443,3443,Whisky
3444,3444,Rum
3445,3445,Rum
3446,3446,Brandy
3447,3447,Rum
3448,3448,Gin
3449,3449,Rum
3450,3450,Rum
3451,3451,Wine
3452,3452,Gin
3453,3453,Gin
3454,3454,Whisky
3455,3455,Rum
3456,3456,Whisky
3457,3457,Whisky
3458,3458,Whisky
3459,3459,Rum
3460,3460,Rum
3461,3461,Gin
3462,3462,Tequila
3463,3463,Gin
3464,3464,Liqueur
3465,3465,Vodka
3466,3466,Whisky
3467,3467,Gin
3468,3468,Liqueur
3469,3469,Gin
3470,3470,Rum
3471,3471,Rum
3472,3472,Gin
3473,3473,Vodka
3474,3474,Gin
3475,3475,Tequila
3476,3476,Rum
3477,3477,Whisky
3478,3478,Gin
3479,3479,Whisky
3480,3480,Whisky
3481,3481,Rum
3482,3482,Rum
3483,3483,Gin
3484,3484,Rum
3485,3485,Brandy
3486,3486,Wine
3487,3487,Rum
3488,3488,Rum
3489,3489,Rum
3490,3490,Rum
3491,3491,Gin
3492,3492,Gin
3493,3493,Rum
3494,3494,Rum
3495,3495,Whisky
3496,3496,Gin
3497,3497,Rum
3498,3498,Rum
3499,3499,Whisky
3500,3500,Rum
3501,3501,Rum
3502,3502,Rum
3503,3503,Rum
3504,3504,Rum
3505,3505,Wine
3506,3506,Rum
3507,3507,Whisky
3508,3508,Gin
3509,3509,Wine
3510,3510,Wine
3511,3511,Whisky
3512,3512,Liqueur
3513,3513,Wine
3514,3514,Rum
3515,3515,Rum
3516,3516,Vodka
3517,3517,Vodka
3518,3518,Brandy
3519,3519,Wine
3520,3520,Rum
3521,3521,Rum
3522,3522,Wine
3523,3523,Gin
3524,3524,Brandy
3525,3525,Liqueur
3526,3526,Liqueur
3527,3527,Rum
3528,3528,Vodka
3529,3529,Whisky
3530,3530,Whisky
3531,3531,Brandy
3532,3532,Gin
3533,3533,Gin
3534,3534,Gin
3535,3535,Brandy
3536,3536,Tequila
3537,3537,Rum
3538,3538,Rum
3539,3539,Brandy
3540,3540,Rum
3541,3541,Rum
3542,3542,Rum
3543,3543,Beer
3544,3544,Vodka
3545,3545,Brandy
3546,3546,Rum
3547,3547,Wine
3548,3548,Brandy
3549,3549,Rum
3550,3550,Tequila
3551,3551,Rum
3552,3552,Whisky
3553,3553,Whisky
3554,3554,Rum
3555,3555,Rum
3556,3556,Liqueur
3557,3557,Tequila
3558,3558,Rum
3559,3559,Wine
3560,3560,Rum
3561,3561,Rum
3562,3562,Whisky
3563,3563,Mezcal
3564,3564,Vodka
3565,3565,Rum
3566,3566,Rum
3567,3567,Vodka
3568,3568,Spirits
3569,3569,Wine
3570,3570,Vodka
3571,3571,Rum
3572,3572,Brandy
3573,3573,Rum
3574,3574,Vodka
3575,3575,Mezcal
3576,3576,Gin
3577,3577,Rum
3578,3578,Vodka
3579,3579,Rum
3580,3580,Rum
3581,3581,Rum
3582,3582,Gin
3583,3583,Rum
3584,3584,Beer
3585,3585,Gin
3586,3586,Whisky
3587,3587,Wine
3588,3588,Vodka
3589,3589,Rum
3590,3590,Beer
3591,3591,Whisky
3592,3592,Whisky
3593,3593,Gin
3594,3594,Tequila
3595,3595,Rum
3596,3596,Rum
3597,3597,Brandy
3598,3598,Whisky
3599,3599,Whisky
3600,3600,Vodka
3601,3601,Gin
3602,3602,Rum
3603,3603,Rum
3604,3604,Rum
3605,3605,Rum
3606,3606,Rum
3607,3607,Gin
3608,3608,Rum
3609,3609,Vodka
3610,3610,Whisky
3611,3611,Wine
3612,3612,Rum
3613,3613,Gin
3614,3614,Whisky
3615,3615,Brandy
3616,3616,Vodka
3617,3617,Rum
3618,3618,Rum
3619,3619,Wine
3620,3620,Rum
3621,3621,Rum
3622,3622,Brandy
3623,3623,Whisky
3624,3624,Mezcal
3625,3625,Whisky
3626,3626,Whisky
3627,3627,Gin
3628,3628,Rum
3629,3629,Gin
3630,3630,Gin
3631,3631,Rum
3632,3632,Rum
3633,3633,Gin
3634,3634,Whisky
3635,3635,Wine
3636,3636,Brandy
3637,3637,Brandy
3638,3638,Whisky
3639,3639,Whisky
3640,3640,Brandy
3641,3641,Whisky
3642,3642,Whisky
3643,3643,Brandy
3644,3644,Wine
3645,3645,Brandy
3646,3646,Whisky
3647,3647,Brandy
3648,3648,Gin
3649,3649,Mezcal
3650,3650,Liqueur
3651,3651,Mezcal
3652,3652,Vodka
3653,3653,Wine
3654,3654,Wine
3655,3655,Whisky
3656,3656,Whisky
3657,3657,Gin
3658,3658,Vodka
3659,3659,Rum
3660,3660,Brandy
3661,3661,Vodka
3662,3662,Whisky
3663,3663,Brandy
3664,3664,Mezcal
3665,3665,Vodka
3666,3666,Rum
3667,3667,Brandy
3668,3668,Liqueur
3669,3669,Beer
3670,3670,Whisky
3671,3671,Liqueur
3672,3672,Mezcal
3673,3673,Liqueur
3674,3674,Spirits
3675,3675,Liqueur
